<?xml version="1.0" encoding="UTF-8"?>
<!DOCTYPE mapper PUBLIC "-//mybatis.org//DTD Mapper 3.0//EN" "http://mybatis.org/dtd/mybatis-3-mapper.dtd">

<mapper namespace="com.bitc.team5.mapper.SBMapper">
<!-- 장바구니 목록-->
	<select id="selectCartList" parameterType="string" resultType="com.bitc.team5.dto.SBDto">
		<![CDATA[
			SELECT
				od.order_detail_idx, od.product_idx, p.product_name,
				od.cart_qty, (p.product_price * od.cart_qty) AS product_price, 
				p.delivery_cost, od.checked_yn
			FROM
				orders o
			JOIN
			    orders_detail od
			ON
				o.order_idx = od.order_detail_idx
			JOIN
			    admin_product p
			ON
				p.product_id = od.product_idx
			WHERE
			    od.cart_qty > 0
			AND
				o.user_id = #{userId}
			ORDER BY
				p.product_id DESC
		]]>
	</select>
	<!-- 결제 목록-->
	<select id="selectPayList" parameterType="string" resultType="com.bitc.team5.dto.SBDto">
		<![CDATA[
			SELECT
				od.order_detail_idx, od.product_idx, p.product_name,
				od.cart_qty, (p.product_price * od.cart_qty) AS product_price, 
				p.delivery_cost, od.checked_yn
			FROM
				orders o
			JOIN
			    orders_detail od
			ON
				o.order_idx = od.order_detail_idx
			JOIN
			    admin_product p
			ON
				p.product_id = od.product_idx
			WHERE
			    od.cart_qty > 0
			AND
			    od.checked_yn = 'Y'
			AND 
				o.user_id = #{userId}
			ORDER BY
				p.idx DESC
			
		]]>
	</select>
	<!-- 주문내역-->
	<select id="selectSuccessList" parameterType="string" resultType="com.bitc.team5.dto.SBDto">
		<![CDATA[
			SELECT
				od.order_detail_idx, o.order_idx, od.product_idx, CONCAT(IFNULL(ap.product_name, ""), IFNULL(pm.product_name, "")) as product_name, od.success_qty,
				ifnull(ap.product_price, 0)+ifnull(pm.product_price, 0) as product_price, ap.delivery_cost, od.checked_yn
			FROM
				orders o
			left JOIN
			    orders_detail od
			ON
				o.order_idx = od.order_detail_idx
			left JOIN
			    admin_product ap
			ON
				ap.product_id = od.product_idx
			left JOIN
			    product_market pm
			ON
				cast(concat(cast(pm.form_id as char) , cast(pm.idx as char)) as binary) = od.product_idx
			WHERE
			    od.success_qty > 0
			AND 
				o.user_id = #{userId}	
			ORDER BY
				o.order_idx DESC
			
		]]>
	</select>
	<!-- 장바구니 비용계산-->
	<select id="selectCostCalculate" resultType="com.bitc.team5.dto.SBDto">
		<![CDATA[
			SELECT
				SUM(p.product_price * od.cart_qty) AS bs_cost, MAX(p.delivery_cost) AS ds_cost,
				(SUM(p.product_price * od.cart_qty) + MAX(p.delivery_cost)) AS final_cost
			FROM
				admin_product p
			JOIN
			    orders_detail od
			ON
			    p.product_id = od.product_idx
			JOIN
			    orders o
			ON
				o.order_idx = od.order_detail_idx
			WHERE
			    od.cart_qty > 0
			AND
			    od.checked_yn = 'Y'
			
			
		]]>
	</select>
	<!-- 장바구니 삭제-->
	<update id="deleteCart" parameterType="long">
		<![CDATA[
			UPDATE
				orders_detail
			SET
				cart_qty = 0
			WHERE
				product_idx = #{productIdx}
		]]>
	</update>
	
	<update id="checkedCart" parameterType="com.bitc.team5.dto.SBDto">
		<![CDATA[
			UPDATE
				orders_detail
			SET
				checked_yn = 'Y'
			WHERE
				product_idx = #{productIdx}
		]]>
	</update>
	
	<update id="checkedNotCart" parameterType="com.bitc.team5.dto.SBDto">
		<![CDATA[
			UPDATE
				orders_detail
			SET
				checked_yn = 'N'
		]]>
	</update>
	<!-- 장바구니 수량늘리는 부분-->
	<update id="increaseCart" parameterType="int">
		<![CDATA[
			UPDATE
				orders_detail
			SET
				cart_qty = cart_qty + 1
			WHERE
				product_idx = #{productIdx}
			AND
				cart_qty < 999
		]]>
	</update>
	<!-- 장바구니 수량 줄이는부분-->
	<update id="decreaseCart" parameterType="int">
		<![CDATA[
			UPDATE
				orders_detail
			SET
				cart_qty = cart_qty - 1
			WHERE
				product_idx = #{productIdx}
			AND
				cart_qty > 1
		]]>
	</update>
	<!-- 판매완료 관한부분-->
	<update id="updateSuccess" parameterType="com.bitc.team5.dto.SBDto">
		<![CDATA[
			UPDATE
				orders_detail
			SET
				success_qty = success_qty + cart_qty, cart_qty = 0
			WHERE
				cart_qty > 0
			AND
			    checked_yn = 'Y'
		]]>
	</update>
	<!--product_stock_cnt = product_stock_cnt - cart_qty, (SET 부분 : 주문 완료 시 주문량만큼 재고량을 감소시키는 구문)-->
	
	<insert id="addCart" parameterType="com.bitc.team5.dto.SBDto">
		<![CDATA[
			INSERT INTO
				orders_detail (product_idx, order_cnt, order_sum, cart_qty)
			VALUES
				(#{productIdx}, #{cartQty}, #{cartQty}, #{cartQty})
		]]>
	</insert>
	
	<insert id="addCart1" parameterType="String">
		<![CDATA[
			INSERT INTO
				orders (user_id, order_date)
			VALUES
				(#{userId}, NOW())
		]]>
	</insert>
	
	<insert id="addCart3" parameterType="com.bitc.team5.dto.SBDto">
		<![CDATA[
			INSERT INTO
				orders_detail (product_idx, order_cnt, order_sum, cart_qty, success_qty )
			VALUES
				(#{productIdx}, #{cartQty}, #{cartQty}, 0, #{cartQty})
		]]>
	</insert>
	
	<insert id="addCart4" parameterType="com.bitc.team5.dto.SBDto">
		<![CDATA[
			INSERT INTO
				orders_detail (product_idx, order_cnt, order_sum, cart_qty, checked_yn)
			VALUES
				(#{productIdx}, #{cartQty}, #{cartQty}, #{cartQty}, 'Y')
		]]>
	</insert>
	
	
</mapper>
