<?xml version="1.0" encoding="UTF-8"?>
<Configuration status="INFO">

    <Properties>
        <Property name="logFileName">springStudy</Property>
        <Property name="consoleLayout">%style{%d{ISO8601}}{black} %highlight{%-5level }[%style{%t}{bright,blue}] %style{%C{1.}}{bright,yellow}: %msg%n%throwable</Property>
        <Property name="fileLayout">%d [%t] %-5level %c(%M:%L) - %m%n</Property>
    </Properties>

    <Appenders>
        <Console name="console" target="SYSTEM_OUT">
            <PatternLayout pattern="${consoleLayout}" />
        </Console>
        <RollingFile name="file" fileName="logs/${logFileName}.log" filePattern="logs/${logFileName}.%d{yyyy-MM-dd-hh}.log">
            <PatternLayout pattern="${fileLayout}" />
            <Policies>
                <TimeBasedTriggeringPolicy modulate="true" interval="1" /><!-- 시간별 로그 파일 생성-->
            </Policies>
            <DefaultRolloverStrategy max="5" fileIndex="min" /><!-- 롤링 파일 5개 까지 생성 -->
        </RollingFile>
    </Appenders>

    <Loggers>

        <!-- 스프링 프레임워크에서 찍는건 level을 info로 설정 -->
        <logger name="org.springframework" level="info" additivity="false" >
            <AppenderRef ref="console" />
            <AppenderRef ref="file" />
        </logger>

        <!-- rolling file에는 debug, console에는 info 분리하여 처리 가능하다. -->
        <logger name="com.huisam.springstudy" additivity="true" >
            <AppenderRef ref="console" level="info" />
            <AppenderRef ref="file" level="debug" />
        </logger>

    </Loggers>
</Configuration>